first_name,last_name,email,company,job_title,industry,message
Sarah,Johnson,sarah@techcorp.io,TechCorp,VP of Marketing,SaaS,We need AI automation for our 50-person sales team. Budget approved for Q3. Can we schedule a demo this week?
Mike,Chen,mike@globalmanuf.com,Global Manufacturing,Operations Director,Manufacturing,Looking to automate our quality control reporting pipeline. Currently spending 20 hours per week on manual reports.
James,Wilson,james.w@smallbiz.net,SmallBiz LLC,Owner,Retail,just checking options
Emily,Rodriguez,emily@healthplus.org,HealthPlus,Chief Medical Officer,Healthcare,Need AI to process patient intake forms and insurance verification. We handle 500+ patients daily.
Alex,Kumar,alex.kumar@finserv.com,FinServ Capital,Head of Trading,Finance,Urgent: Need AI risk analysis tool. Board approved budget yesterday. When can we start?
Lisa,Park,lisa@designstudio.co,Design Studio,Freelance Designer,Design,hi do you do websites?
David,Thompson,david@megacorp.com,MegaCorp International,SVP Technology,Enterprise Software,Evaluating AI vendors for company-wide deployment. 10000+ employees. RFP deadline in 2 weeks.
Rachel,Green,rachel.g@startup.io,LaunchPad,Co-founder,EdTech,Building MVP and need AI integration for our learning platform. Series A funded.
Tom,Baker,tombaker99@gmail.com,,,,what is AI?
Nina,Patel,nina@cloudnine.dev,CloudNine Solutions,Engineering Manager,Cloud Services,Need AI-powered log analysis and anomaly detection system. Current monitoring is too slow.
Mark,Stevens,mark@retailking.com,RetailKing,Head of E-commerce,Retail,Want AI product recommendations engine. Current rev $50M annual. Ready to invest in Q3.
Sandra,Lee,sandra@lawfirm.legal,Lee and Associates,Managing Partner,Legal,Need AI contract review tool. Reviewing 200+ contracts per month manually.
Chris,Brown,chris.b@test123.com,,Student,Education,school project about AI
Amanda,White,amanda@insuretech.com,InsureTech Pro,VP Product,Insurance,Building AI claims processing. Series B funded. Need partner ASAP.
Ryan,Garcia,ryan@foodchain.com,FoodChain,Supply Chain Manager,Food and Beverage,Exploring AI demand forecasting for perishable inventory management.
Jennifer,Kim,jen@mediaco.com,MediaCo,Content Director,Media,Need AI content generation at scale. Publishing 500+ articles per month.
Pedro,Santos,pedro@constructco.br,ConstructCo,Project Manager,Construction,Looking for AI project management assistant for our construction sites.
Yuki,Tanaka,yuki@autoparts.jp,AutoParts Inc,Quality Director,Automotive,Need AI visual inspection for assembly line defects. Currently losing $2M annually to QC issues.
Omar,Hassan,omar@logistics.ae,FastTrack Logistics,COO,Logistics,Want AI route optimization. Fleet of 300+ vehicles across 5 countries.
Karen,Mitchell,karen@nonprofit.org,GreenEarth,Volunteer,,newsletter signup
